Seite;Zeile;Indiz;Typ;Schwere;Bewertung
4;1-7;"Dreifach Wiederholung Satzanfang ""Zusammenfassend ist festzustellen""";Wiederholung;hoch;Schematisches Strukturmuster
11;5-15;"Dreifach Wiederholung ""Es ist wichtig zu beachten""";Wiederholung;hoch;LLM-Floskel-Verdacht
19;1-3;Anrede an den SV selbst statt Beweisthema-Bearbeitung;Stilbruch;sehr hoch;Promp-Nachschaerfung-Verdacht
23;1-12;Sechsfache Wiederholung Satzanfang;Wiederholung;sehr hoch;Klares Schemamuster
28;3;Platzhalter [DATUM EINFUEGEN] nicht ersetzt;Vorlagen-Rest;sehr hoch;Reviewer hat Platzhalter uebersehen
34;1-8;Pauschale Schaetzung ohne Auseinandersetzung mit Anknuepfungstatsachen;Methodikmangel;hoch;Inhaltlich mangelhaft
41;3-7;VDE-AR-N 4105 falsch zitiert;Halluzination-Verdacht;sehr hoch;Norm passt nicht zum Pruefgegenstand
58;1-5;Generische austauschbare Schlussformulierung;Generizitaet;mittel;Verdaechtig in Kombination mit weiteren Indizien
Mehrere;;Stilwechsel zwischen Kapiteln 2 und 4;Stilbruch;mittel;Hinweis auf Mehrautor- oder KI-Beteiligung
